<?xml version="1.0" encoding="utf-8"?><?xml-stylesheet type="text/xml" href="http://localhost:4000/feed.xslt.xml"?><feed xmlns="http://www.w3.org/2005/Atom"><generator uri="http://jekyllrb.com" version="3.3.1">Jekyll</generator><link href="http://localhost:4000/feed.xml" rel="self" type="application/atom+xml" /><link href="http://localhost:4000/" rel="alternate" type="text/html" /><updated>2017-05-29T17:13:19+02:00</updated><id>http://localhost:4000//</id><title type="html">Hydra Template</title><subtitle>Product marketing template for Jekyll.</subtitle><author><name>{&quot;name&quot;=&gt;nil, &quot;email&quot;=&gt;nil, &quot;twitter&quot;=&gt;nil}</name></author><entry><title type="html">Test blog post medicin</title><link href="http://localhost:4000/medicin/2016/08/02/sales-effectiveness/" rel="alternate" type="text/html" title="Test blog post medicin" /><published>2016-08-02T00:00:00+02:00</published><updated>2016-08-02T00:00:00+02:00</updated><id>http://localhost:4000/medicin/2016/08/02/sales-effectiveness</id><content type="html" xml:base="http://localhost:4000/medicin/2016/08/02/sales-effectiveness/">&lt;p&gt;Contrary to popular belief, Lorem Ipsum is not simply random text. It has roots in a piece of classical Latin literature from 45 BC, making it over 2000 years old. Richard McClintock, a Latin professor at Hampden-Sydney College in Virginia, looked up one of the more obscure Latin words, consectetur, from a Lorem Ipsum passage, and going through the cites of the word in classical literature, discovered the undoubtable source. Lorem Ipsum comes from sections 1.10.32 and 1.10.33 of “de Finibus Bonorum et Malorum” (The Extremes of Good and Evil) by Cicero, written in 45 BC. This book is a treatise on the theory of ethics, very popular during the Renaissance. The first line of Lorem Ipsum, “Lorem ipsum dolor sit amet..”, comes from a line in section 1.10.32.
&lt;img src=&quot;https://source.unsplash.com/random/1500x1146&quot; alt=&quot;American River&quot; /&gt;&lt;/p&gt;

&lt;p&gt;Contrary to popular belief, Lorem Ipsum is not simply random text. It has roots in a piece of classical Latin literature from 45 BC, making it over 2000 years old. Richard McClintock, a Latin professor at Hampden-Sydney College in Virginia, looked up one of the more obscure Latin words, consectetur, from a Lorem Ipsum passage, and going through the cites of the word in classical literature, discovered the undoubtable source. Lorem Ipsum comes from sections 1.10.32 and 1.10.33 of “de Finibus Bonorum et Malorum” (The Extremes of Good and Evil) by Cicero, written in 45 BC. This book is a treatise on the theory of ethics, very popular during the Renaissance. The first line of Lorem Ipsum, “Lorem ipsum dolor sit amet..”, comes from a line in section 1.10.32.&lt;/p&gt;

&lt;p&gt;&lt;img src=&quot;https://source.unsplash.com/random/1500x1147&quot; alt=&quot;Coins&quot; /&gt;&lt;/p&gt;

&lt;p&gt;Contrary to popular belief, Lorem Ipsum is not simply random text. It has roots in a piece of classical Latin literature from 45 BC, making it over 2000 years old. Richard McClintock, a Latin professor at Hampden-Sydney College in Virginia, looked up one of the more obscure Latin words, consectetur, from a Lorem Ipsum passage, and going through the cites of the word in classical literature, discovered the undoubtable source. Lorem Ipsum comes from sections 1.10.32 and 1.10.33 of “de Finibus Bonorum et Malorum” (The Extremes of Good and Evil) by Cicero, written in 45 BC. This book is a treatise on the theory of ethics, very popular during the Renaissance. The first line of Lorem Ipsum, “Lorem ipsum dolor sit amet..”, comes from a line in section 1.10.32.&lt;/p&gt;</content><author><name>{&quot;name&quot;=&gt;nil, &quot;email&quot;=&gt;nil, &quot;twitter&quot;=&gt;nil}</name></author><summary type="html">Contrary to popular belief, Lorem Ipsum is not simply random text. It has roots in a piece of classical Latin literature from 45 BC, making it over 2000 years old. Richard McClintock, a Latin professor at Hampden-Sydney College in Virginia, looked up one of the more obscure Latin words, consectetur, from a Lorem Ipsum passage, and going through the cites of the word in classical literature, discovered the undoubtable source. Lorem Ipsum comes from sections 1.10.32 and 1.10.33 of “de Finibus Bonorum et Malorum” (The Extremes of Good and Evil) by Cicero, written in 45 BC. This book is a treatise on the theory of ethics, very popular during the Renaissance. The first line of Lorem Ipsum, “Lorem ipsum dolor sit amet..”, comes from a line in section 1.10.32.</summary></entry><entry><title type="html">Test blog post Alzheimer</title><link href="http://localhost:4000/alzheimer/2016/07/20/the-process-for-direct-sales/" rel="alternate" type="text/html" title="Test blog post Alzheimer" /><published>2016-07-20T00:00:00+02:00</published><updated>2016-07-20T00:00:00+02:00</updated><id>http://localhost:4000/alzheimer/2016/07/20/the-process-for-direct-sales</id><content type="html" xml:base="http://localhost:4000/alzheimer/2016/07/20/the-process-for-direct-sales/">&lt;p&gt;Contrary to popular belief, Lorem Ipsum is not simply random text. It has roots in a piece of classical Latin literature from 45 BC, making it over 2000 years old. Richard McClintock, a Latin professor at Hampden-Sydney College in Virginia, looked up one of the more obscure Latin words, consectetur, from a Lorem Ipsum passage, and going through the cites of the word in classical literature, discovered the undoubtable source. Lorem Ipsum comes from sections 1.10.32 and 1.10.33 of “de Finibus Bonorum et Malorum” (The Extremes of Good and Evil) by Cicero, written in 45 BC. This book is a treatise on the theory of ethics, very popular during the Renaissance. The first line of Lorem Ipsum, “Lorem ipsum dolor sit amet..”, comes from a line in section 1.10.32.&lt;/p&gt;

&lt;p&gt;&lt;img src=&quot;https://source.unsplash.com/random/1500x1145&quot; alt=&quot;Checkmate&quot; /&gt;&lt;/p&gt;

&lt;p&gt;Contrary to popular belief, Lorem Ipsum is not simply random text. It has roots in a piece of classical Latin literature from 45 BC, making it over 2000 years old. Richard McClintock, a Latin professor at Hampden-Sydney College in Virginia, looked up one of the more obscure Latin words, consectetur, from a Lorem Ipsum passage, and going through the cites of the word in classical literature, discovered the undoubtable source. Lorem Ipsum comes from sections 1.10.32 and 1.10.33 of “de Finibus Bonorum et Malorum” (The Extremes of Good and Evil) by Cicero, written in 45 BC. This book is a treatise on the theory of ethics, very popular during the Renaissance. The first line of Lorem Ipsum, “Lorem ipsum dolor sit amet..”, comes from a line in section 1.10.32.
&lt;img src=&quot;https://source.unsplash.com/random/1500x1146&quot; alt=&quot;Office&quot; /&gt;&lt;/p&gt;

&lt;p&gt;Contrary to popular belief, Lorem Ipsum is not simply random text. It has roots in a piece of classical Latin literature from 45 BC, making it over 2000 years old. Richard McClintock, a Latin professor at Hampden-Sydney College in Virginia, looked up one of the more obscure Latin words, consectetur, from a Lorem Ipsum passage, and going through the cites of the word in classical literature, discovered the undoubtable source. Lorem Ipsum comes from sections 1.10.32 and 1.10.33 of “de Finibus Bonorum et Malorum” (The Extremes of Good and Evil) by Cicero, written in 45 BC. This book is a treatise on the theory of ethics, very popular during the Renaissance. The first line of Lorem Ipsum, “Lorem ipsum dolor sit amet..”, comes from a line in section 1.10.32.
&lt;img src=&quot;https://source.unsplash.com/random/1500x1147&quot; alt=&quot;Raspberries&quot; /&gt;&lt;/p&gt;</content><author><name>{&quot;name&quot;=&gt;nil, &quot;email&quot;=&gt;nil, &quot;twitter&quot;=&gt;nil}</name></author><summary type="html">Contrary to popular belief, Lorem Ipsum is not simply random text. It has roots in a piece of classical Latin literature from 45 BC, making it over 2000 years old. Richard McClintock, a Latin professor at Hampden-Sydney College in Virginia, looked up one of the more obscure Latin words, consectetur, from a Lorem Ipsum passage, and going through the cites of the word in classical literature, discovered the undoubtable source. Lorem Ipsum comes from sections 1.10.32 and 1.10.33 of “de Finibus Bonorum et Malorum” (The Extremes of Good and Evil) by Cicero, written in 45 BC. This book is a treatise on the theory of ethics, very popular during the Renaissance. The first line of Lorem Ipsum, “Lorem ipsum dolor sit amet..”, comes from a line in section 1.10.32.</summary></entry></feed>
